,Username,Email,Address,Title,Salary
1,uName001,uName001@realemail.com,701 Real Way Dr,Data Analyst,157K
2,uName002,uName002@realemail.com,702 Real Way Dr,Data Analyst,67K
3,uName003,uName003@realemail.com,703 Real Way Dr,Data Analyst,154K
4,uName004,uName004@realemail.com,704 Real Way Dr,Data Analyst,121K
5,uName005,uName005@realemail.com,705 Real Way Dr,Data Analyst,59K
6,uName006,uName006@realemail.com,706 Real Way Dr,Data Analyst,7K
7,uName007,uName007@realemail.com,707 Real Way Dr,Data Analyst,92K
8,uName008,uName008@realemail.com,708 Real Way Dr,Data Analyst,172K
9,uName009,uName009@realemail.com,709 Real Way Dr,Data Analyst,182K
10,uName010,uName010@realemail.com,710 Real Way Dr,Data Analyst,168K
11,uName011,uName011@realemail.com,711 Real Way Dr,Data Analyst,8K
12,uName012,uName012@realemail.com,712 Real Way Dr,Data Analyst,14K
13,uName013,uName013@realemail.com,713 Real Way Dr,Data Analyst,49K
14,uName014,uName014@realemail.com,714 Real Way Dr,Data Analyst,61K
15,uName015,uName015@realemail.com,715 Real Way Dr,Data Analyst,120K
16,uName016,uName016@realemail.com,716 Real Way Dr,Data Analyst,175K
17,uName017,uName017@realemail.com,717 Real Way Dr,Data Analyst,105K
18,uName018,uName018@realemail.com,718 Real Way Dr,Data Analyst,181K
19,uName019,uName019@realemail.com,719 Real Way Dr,Data Analyst,139K
20,uName020,uName020@realemail.com,720 Real Way Dr,Data Analyst,73K
21,uName021,uName021@realemail.com,721 Real Way Dr,Data Analyst,179K
22,uName022,uName022@realemail.com,722 Real Way Dr,Data Analyst,194K
23,uName023,uName023@realemail.com,723 Real Way Dr,Data Analyst,92K
24,uName024,uName024@realemail.com,724 Real Way Dr,Data Analyst,39K
25,uName025,uName025@realemail.com,725 Real Way Dr,Data Analyst,38K
26,uName026,uName026@realemail.com,726 Real Way Dr,Data Analyst,154K
27,uName027,uName027@realemail.com,727 Real Way Dr,Data Analyst,40K
28,uName028,uName028@realemail.com,728 Real Way Dr,Data Analyst,125K
29,uName029,uName029@realemail.com,729 Real Way Dr,Data Analyst,14K
30,uName030,uName030@realemail.com,730 Real Way Dr,Data Engineer,99K
31,uName031,uName031@realemail.com,731 Real Way Dr,Data Engineer,150K
32,uName032,uName032@realemail.com,732 Real Way Dr,Data Engineer,156K
33,uName033,uName033@realemail.com,733 Real Way Dr,Data Engineer,196K
34,uName034,uName034@realemail.com,734 Real Way Dr,Data Engineer,143K
35,uName035,uName035@realemail.com,735 Real Way Dr,Data Engineer,23K
36,uName036,uName036@realemail.com,736 Real Way Dr,Data Engineer,72K
37,uName037,uName037@realemail.com,737 Real Way Dr,Data Engineer,27K
38,uName038,uName038@realemail.com,738 Real Way Dr,Data Engineer,3K
39,uName039,uName039@realemail.com,739 Real Way Dr,Data Engineer,192K
40,uName040,uName040@realemail.com,740 Real Way Dr,Data Engineer,64K
41,uName041,uName041@realemail.com,741 Real Way Dr,Data Engineer,112K
42,uName042,uName042@realemail.com,742 Real Way Dr,Data Engineer,25K
43,uName043,uName043@realemail.com,743 Real Way Dr,Data Engineer,165K
44,uName044,uName044@realemail.com,744 Real Way Dr,Data Engineer,98K
45,uName045,uName045@realemail.com,745 Real Way Dr,Data Engineer,48K
46,uName046,uName046@realemail.com,746 Real Way Dr,Data Engineer,145K
47,uName047,uName047@realemail.com,747 Real Way Dr,Data Engineer,110K
48,uName048,uName048@realemail.com,748 Real Way Dr,Data Engineer,76K
49,uName049,uName049@realemail.com,749 Real Way Dr,Data Engineer,141K
50,uName050,uName050@realemail.com,750 Real Way Dr,Data Engineer,139K
51,uName051,uName051@realemail.com,751 Real Way Dr,Data Engineer,176K
52,uName052,uName052@realemail.com,752 Real Way Dr,Data Engineer,149K
53,uName053,uName053@realemail.com,753 Real Way Dr,Data Engineer,117K
54,uName054,uName054@realemail.com,754 Real Way Dr,Data Engineer,11K
55,uName055,uName055@realemail.com,755 Real Way Dr,Data Engineer,16K
56,uName056,uName056@realemail.com,756 Real Way Dr,Data Engineer,72K
57,uName057,uName057@realemail.com,757 Real Way Dr,Data Engineer,54K
58,uName058,uName058@realemail.com,758 Real Way Dr,Data Engineer,82K
59,uName059,uName059@realemail.com,759 Real Way Dr,Data Engineer,81K
60,uName060,uName060@realemail.com,760 Real Way Dr,Data Engineer,155K
61,uName061,uName061@realemail.com,761 Real Way Dr,Data Engineer,90K
62,uName062,uName062@realemail.com,762 Real Way Dr,Data Engineer,181K
63,uName063,uName063@realemail.com,763 Real Way Dr,Data Engineer,46K
64,uName064,uName064@realemail.com,764 Real Way Dr,Data Engineer,87K
65,uName065,uName065@realemail.com,765 Real Way Dr,Data Engineer,1K
66,uName066,uName066@realemail.com,766 Real Way Dr,Data Engineer,27K
67,uName067,uName067@realemail.com,767 Real Way Dr,Data Engineer,15K
68,uName068,uName068@realemail.com,768 Real Way Dr,Data Engineer,138K
69,uName069,uName069@realemail.com,769 Real Way Dr,Data Engineer,185K
70,uName070,uName070@realemail.com,770 Real Way Dr,Data Engineer,80K
71,uName071,uName071@realemail.com,771 Real Way Dr,Data Engineer,4K
72,uName072,uName072@realemail.com,772 Real Way Dr,Data Engineer,136K
73,uName073,uName073@realemail.com,773 Real Way Dr,Data Engineer,147K
74,uName074,uName074@realemail.com,774 Real Way Dr,Data Engineer,197K
75,uName075,uName075@realemail.com,775 Real Way Dr,Data Engineer,144K
76,uName076,uName076@realemail.com,776 Real Way Dr,Data Engineer,189K
77,uName077,uName077@realemail.com,777 Real Way Dr,Data Engineer,106K
78,uName078,uName078@realemail.com,778 Real Way Dr,Data Engineer,187K
79,uName079,uName079@realemail.com,779 Real Way Dr,Data Engineer,161K
80,uName080,uName080@realemail.com,780 Real Way Dr,Data Engineer,1K
81,uName081,uName081@realemail.com,781 Real Way Dr,Data Engineer,162K
82,uName082,uName082@realemail.com,782 Real Way Dr,Data Engineer,156K
83,uName083,uName083@realemail.com,783 Real Way Dr,Data Engineer,116K
84,uName084,uName084@realemail.com,784 Real Way Dr,Data Engineer,148K
85,uName085,uName085@realemail.com,785 Real Way Dr,Data Engineer,46K
86,uName086,uName086@realemail.com,786 Real Way Dr,Data Engineer,90K
87,uName087,uName087@realemail.com,787 Real Way Dr,Data Engineer,132K
88,uName088,uName088@realemail.com,788 Real Way Dr,Data Engineer,127K
89,uName089,uName089@realemail.com,789 Real Way Dr,Data Engineer,165K
90,uName090,uName090@realemail.com,790 Real Way Dr,Data Engineer,44K
91,uName091,uName091@realemail.com,791 Real Way Dr,Data Engineer,135K
92,uName092,uName092@realemail.com,792 Real Way Dr,Data Engineer,74K
93,uName093,uName093@realemail.com,793 Real Way Dr,Data Engineer,92K
94,uName094,uName094@realemail.com,794 Real Way Dr,Data Engineer,48K
95,uName095,uName095@realemail.com,795 Real Way Dr,Data Engineer,72K
96,uName096,uName096@realemail.com,796 Real Way Dr,Data Engineer,48K
97,uName097,uName097@realemail.com,797 Real Way Dr,Data Engineer,1K
98,uName098,uName098@realemail.com,798 Real Way Dr,Data Engineer,131K
99,uName099,uName099@realemail.com,799 Real Way Dr,Data Engineer,177K
100,uName100,uName100@realemail.com,800 Real Way Dr,Data Engineer,38K
101,uName101,uName101@realemail.com,801 Real Way Dr,Data Engineer,54K
102,uName102,uName102@realemail.com,802 Real Way Dr,Data Engineer,142K
103,uName103,uName103@realemail.com,803 Real Way Dr,Data Engineer,13K
104,uName104,uName104@realemail.com,804 Real Way Dr,Data Engineer,194K
105,uName105,uName105@realemail.com,805 Real Way Dr,Data Engineer,166K
106,uName106,uName106@realemail.com,806 Real Way Dr,Data Engineer,115K
107,uName107,uName107@realemail.com,807 Real Way Dr,Data Engineer,135K
108,uName108,uName108@realemail.com,808 Real Way Dr,Data Engineer,26K
109,uName109,uName109@realemail.com,809 Real Way Dr,Data Engineer,123K
110,uName110,uName110@realemail.com,810 Real Way Dr,Data Engineer,179K
111,uName111,uName111@realemail.com,811 Real Way Dr,Data Engineer,73K
112,uName112,uName112@realemail.com,812 Real Way Dr,Data Engineer,1K
113,uName113,uName113@realemail.com,813 Real Way Dr,Data Engineer,133K
114,uName114,uName114@realemail.com,814 Real Way Dr,Data Engineer,21K
115,uName115,uName115@realemail.com,815 Real Way Dr,Data Engineer,118K
116,uName116,uName116@realemail.com,816 Real Way Dr,Data Engineer,190K
117,uName117,uName117@realemail.com,817 Real Way Dr,Data Engineer,77K
118,uName118,uName118@realemail.com,818 Real Way Dr,Data Engineer,131K
119,uName119,uName119@realemail.com,819 Real Way Dr,Data Engineer,67K
120,uName120,uName120@realemail.com,820 Real Way Dr,Data Engineer,67K
121,uName121,uName121@realemail.com,821 Real Way Dr,Data Engineer,119K
122,uName122,uName122@realemail.com,822 Real Way Dr,Data Engineer,45K
123,uName123,uName123@realemail.com,823 Real Way Dr,Data Engineer,185K
124,uName124,uName124@realemail.com,824 Real Way Dr,Data Engineer,121K
125,uName125,uName125@realemail.com,825 Real Way Dr,Data Engineer,169K
126,uName126,uName126@realemail.com,826 Real Way Dr,Data Engineer,166K
127,uName127,uName127@realemail.com,827 Real Way Dr,Data Engineer,140K
128,uName128,uName128@realemail.com,828 Real Way Dr,Data Engineer,185K
129,uName129,uName129@realemail.com,829 Real Way Dr,Data Engineer,140K
130,uName130,uName130@realemail.com,830 Real Way Dr,Data Engineer,102K
131,uName131,uName131@realemail.com,831 Real Way Dr,Data Engineer,39K
132,uName132,uName132@realemail.com,832 Real Way Dr,Data Engineer,95K
133,uName133,uName133@realemail.com,833 Real Way Dr,Data Engineer,75K
134,uName134,uName134@realemail.com,834 Real Way Dr,Data Engineer,175K
135,uName135,uName135@realemail.com,835 Real Way Dr,Data Engineer,69K
136,uName136,uName136@realemail.com,836 Real Way Dr,Data Engineer,92K
137,uName137,uName137@realemail.com,837 Real Way Dr,Data Engineer,72K
138,uName138,uName138@realemail.com,838 Real Way Dr,Data Engineer,106K
139,uName139,uName139@realemail.com,839 Real Way Dr,Data Engineer,60K
140,uName140,uName140@realemail.com,840 Real Way Dr,Data Engineer,64K
141,uName141,uName141@realemail.com,841 Real Way Dr,Data Engineer,171K
142,uName142,uName142@realemail.com,842 Real Way Dr,Data Engineer,120K
143,uName143,uName143@realemail.com,843 Real Way Dr,Data Engineer,140K
144,uName144,uName144@realemail.com,844 Real Way Dr,Data Engineer,65K
145,uName145,uName145@realemail.com,845 Real Way Dr,Data Engineer,97K
146,uName146,uName146@realemail.com,846 Real Way Dr,Data Engineer,49K
147,uName147,uName147@realemail.com,847 Real Way Dr,Data Engineer,118K
148,uName148,uName148@realemail.com,848 Real Way Dr,Data Engineer,34K
149,uName149,uName149@realemail.com,849 Real Way Dr,Data Engineer,197K
150,uName150,uName150@realemail.com,850 Real Way Dr,Data Engineer,25K
151,uName151,uName151@realemail.com,851 Real Way Dr,Data Engineer,157K
152,uName152,uName152@realemail.com,852 Real Way Dr,Data Engineer,100K
153,uName153,uName153@realemail.com,853 Real Way Dr,Data Engineer,141K
154,uName154,uName154@realemail.com,854 Real Way Dr,Data Engineer,12K
155,uName155,uName155@realemail.com,855 Real Way Dr,Data Engineer,24K
156,uName156,uName156@realemail.com,856 Real Way Dr,Data Engineer,115K
157,uName157,uName157@realemail.com,857 Real Way Dr,Data Engineer,77K
158,uName158,uName158@realemail.com,858 Real Way Dr,Data Analyst,49K
159,uName159,uName159@realemail.com,859 Real Way Dr,Data Analyst,176K
160,uName160,uName160@realemail.com,860 Real Way Dr,Data Analyst,113K
161,uName161,uName161@realemail.com,861 Real Way Dr,Data Analyst,169K
162,uName162,uName162@realemail.com,862 Real Way Dr,Data Analyst,66K
163,uName163,uName163@realemail.com,863 Real Way Dr,Data Analyst,164K
164,uName164,uName164@realemail.com,864 Real Way Dr,Data Analyst,171K
165,uName165,uName165@realemail.com,865 Real Way Dr,Data Analyst,78K
166,uName166,uName166@realemail.com,866 Real Way Dr,Data Analyst,127K
167,uName167,uName167@realemail.com,867 Real Way Dr,Data Analyst,32K
168,uName168,uName168@realemail.com,868 Real Way Dr,Data Analyst,194K
169,uName169,uName169@realemail.com,869 Real Way Dr,Data Analyst,54K
170,uName170,uName170@realemail.com,870 Real Way Dr,Data Analyst,104K
171,uName171,uName171@realemail.com,871 Real Way Dr,Data Analyst,95K
172,uName172,uName172@realemail.com,872 Real Way Dr,Data Analyst,68K
173,uName173,uName173@realemail.com,873 Real Way Dr,Data Analyst,136K
174,uName174,uName174@realemail.com,874 Real Way Dr,Data Analyst,151K
175,uName175,uName175@realemail.com,875 Real Way Dr,Data Analyst,151K
176,uName176,uName176@realemail.com,876 Real Way Dr,Data Analyst,51K
177,uName177,uName177@realemail.com,877 Real Way Dr,Data Analyst,200K
178,uName178,uName178@realemail.com,878 Real Way Dr,Data Analyst,56K
179,uName179,uName179@realemail.com,879 Real Way Dr,Data Analyst,113K
180,uName180,uName180@realemail.com,880 Real Way Dr,Data Analyst,143K
181,uName181,uName181@realemail.com,881 Real Way Dr,Data Analyst,61K
182,uName182,uName182@realemail.com,882 Real Way Dr,Data Analyst,60K
183,uName183,uName183@realemail.com,883 Real Way Dr,Data Analyst,11K
184,uName184,uName184@realemail.com,884 Real Way Dr,Data Analyst,176K
185,uName185,uName185@realemail.com,885 Real Way Dr,Data Analyst,111K
186,uName186,uName186@realemail.com,886 Real Way Dr,Data Analyst,29K
187,uName187,uName187@realemail.com,887 Real Way Dr,Data Analyst,102K
188,uName188,uName188@realemail.com,888 Real Way Dr,Data Analyst,183K
189,uName189,uName189@realemail.com,889 Real Way Dr,Data Analyst,152K
190,uName190,uName190@realemail.com,890 Real Way Dr,Data Analyst,116K
191,uName191,uName191@realemail.com,891 Real Way Dr,Data Analyst,48K
192,uName192,uName192@realemail.com,892 Real Way Dr,Data Analyst,176K
193,uName193,uName193@realemail.com,893 Real Way Dr,Data Analyst,191K
194,uName194,uName194@realemail.com,894 Real Way Dr,Data Analyst,131K
195,uName195,uName195@realemail.com,895 Real Way Dr,Data Analyst,168K
196,uName196,uName196@realemail.com,896 Real Way Dr,Data Analyst,57K
197,uName197,uName197@realemail.com,897 Real Way Dr,Data Engineer,10K
198,uName198,uName198@realemail.com,898 Real Way Dr,Data Engineer,36K
199,uName199,uName199@realemail.com,899 Real Way Dr,Data Engineer,66K
200,uName200,uName200@realemail.com,900 Real Way Dr,Data Engineer,95K
